PRAGMA foreign_keys=OFF;
BEGIN TRANSACTION;
CREATE TABLE IF NOT EXISTS players (
      id TEXT PRIMARY KEY,
      name TEXT UNIQUE NOT NULL,
      created_at DATETIME DEFAULT CURRENT_TIMESTAMP
    );
INSERT INTO players VALUES('85e6a929-9ea6-46ba-9036-2c5dfab26e54','Beau','2026-02-10 02:16:41');
INSERT INTO players VALUES('9077ee05-df6c-467c-a98b-0d4eefefd986','Joe','2026-02-10 02:16:41');
INSERT INTO players VALUES('f0848133-34fc-4fae-87c6-be981c76fe90','Tyler','2026-02-10 02:16:41');
INSERT INTO players VALUES('08cb98b0-b492-463d-b234-7bf0d517b535','Addison','2026-02-10 02:16:41');
INSERT INTO players VALUES('3dbb33a9-4f9f-44fc-bb0a-8f78da3295e8','Brandon','2026-02-10 02:16:41');
INSERT INTO players VALUES('723b7cc8-8fa8-4ac4-8e59-03a009017399','Jackson','2026-02-10 02:16:41');
INSERT INTO players VALUES('9bb211fa-4f4f-4beb-aedc-2a4264eef38a','Austin','2026-02-10 02:16:41');
INSERT INTO players VALUES('4cad6383-f854-4cc1-b45e-e069d153659b','AJ','2026-02-10 02:16:42');
INSERT INTO players VALUES('944e85a1-200e-489b-afc3-978ee2e6bdb6','Gage','2026-02-10 02:16:42');
INSERT INTO players VALUES('7b17a76b-6b45-471d-976a-5174b6b1d69f','Brent','2026-02-10 02:16:42');
INSERT INTO players VALUES('db0d0fbe-b740-4422-84a5-3f616261e42d','Jacob','2026-02-10 02:17:57');
INSERT INTO players VALUES('88a5e296-5247-4747-9014-950b5181c5e0','James','2026-02-10 02:17:57');
INSERT INTO players VALUES('36d59091-d4bd-4a76-8c79-fafa3fb14181','Matt A.','2026-02-10 02:43:29');
INSERT INTO players VALUES('5a17471a-82ae-4475-9a48-4b2aa7ac80e6','AJ F.','2026-02-10 02:43:29');
INSERT INTO players VALUES('ca70ce91-bd74-42f4-b07a-da38a66424a1','Brandon K.','2026-02-10 02:43:29');
INSERT INTO players VALUES('9493a292-5502-4b2a-ae32-6a840b2bb38d','Addison P.','2026-02-10 02:43:29');
INSERT INTO players VALUES('50678a5f-b23b-496b-95c1-0f2550feb6dd','Austin P.','2026-02-10 02:43:30');
INSERT INTO players VALUES('bf730080-4d84-4925-b426-b03d6396a4df','James B.','2026-02-10 02:43:30');
INSERT INTO players VALUES('5690ad32-12a1-4a60-9c9f-5746b5d577c0','Gage S.','2026-02-10 02:43:30');
INSERT INTO players VALUES('e90806fa-1bf2-4457-9b89-fe0af4e353bd','Jackson T.','2026-02-10 02:43:30');
INSERT INTO players VALUES('b19f52a6-ef78-4063-8516-3bf5dcf4be59','Garett H.','2026-02-10 02:43:30');
INSERT INTO players VALUES('26daff4a-c02a-4d07-9f7d-49316a07c0c4','Both','2026-02-10 02:44:06');
INSERT INTO players VALUES('16fe3dbd-364d-4b8a-b918-d0c373bb8daa','Matt','2026-02-10 02:44:19');
INSERT INTO players VALUES('6f7081ee-fe97-405a-b46c-a31a0cf7519b','Book','2026-02-10 02:46:06');
INSERT INTO players VALUES('004347fb-c844-4419-8e63-bc80ae3bf86d','Joe M.','2026-02-10 02:52:57');
INSERT INTO players VALUES('f0e9bdaf-8bf8-4e50-9816-2cf0c140a64c','Bo','2026-02-10 02:53:49');
INSERT INTO players VALUES('c7c7801d-410a-4a56-86aa-7db689e41b5c','Beau B.','2026-02-10 10:37:35');
INSERT INTO players VALUES('614b87b5-d388-422e-bef5-87afd3b6d910','Jon J.','2026-02-10 10:37:35');
INSERT INTO players VALUES('97b6ee41-5728-4f59-9d6b-9f3e84a1af90','Ed G.','2026-02-10 10:37:35');
INSERT INTO players VALUES('0af98c1a-4b84-4b35-86ba-342dbd9499f9','Brent M.','2026-02-12 03:31:10');
INSERT INTO players VALUES('ff83714b-c6b8-47f7-9093-f3a88f9a3cd8','Jacob T.','2026-02-13 00:08:34');
INSERT INTO players VALUES('844c5920-1b71-4a78-b1d6-ae871cd1b879','Taylor K.','2026-02-13 01:51:12');
INSERT INTO players VALUES('9638236e-5766-4b47-a6d0-dc22b10a0f39','Porter','2026-02-13 23:57:11');
INSERT INTO players VALUES('ed49e8b8-1f01-4b7c-9307-18142b703d12','Kyah','2026-02-13 23:57:11');
INSERT INTO players VALUES('7a2f4ab2-6a26-4349-a239-bb198a32cdd4','Rhett','2026-02-13 23:57:11');
INSERT INTO players VALUES('5d1a449e-d68a-493a-bfa7-384e31debd9e','Shae','2026-02-13 23:57:11');
INSERT INTO players VALUES('eac0a96c-3d16-4c80-abba-abea815ee275','Tyler E.','2026-02-14 07:26:56');
INSERT INTO players VALUES('4ca6e09b-9991-44d2-a9f1-e2be8a7f1754','JC B.','2026-02-15 20:00:13');
INSERT INTO players VALUES('93f346ba-d713-4703-b272-a229355ccd9e','C','2026-02-16 00:03:29');
INSERT INTO players VALUES('c332a9f8-af00-4318-88a8-d2ec3da80cfd','John B.','2026-02-16 01:33:46');
CREATE TABLE IF NOT EXISTS games (
      id TEXT PRIMARY KEY,
      location TEXT,
      start_time DATETIME DEFAULT CURRENT_TIMESTAMP,
      end_time DATETIME,
      status TEXT DEFAULT 'active',
      winning_team TEXT
    , last_failed_transcript TEXT, target_score INTEGER, scoring_mode TEXT DEFAULT '1s2s', live_transcript TEXT);
INSERT INTO games VALUES('4b9b8b65-27cd-4cba-9133-e8904e0a0350','Pickup','2026-02-20 11:11:57','2026-02-20 11:26:59','finished','A',NULL,11,'1s2s','Jackson bucket.');
INSERT INTO games VALUES('cc240e4d-16f0-44d4-a5b6-3caf20654170','Pickup','2026-02-20 11:31:29','2026-02-20 11:41:58','finished','B',NULL,11,'1s2s','Alright. Addison, Brandon bucket. And');
INSERT INTO games VALUES('250d03e8-235f-4393-9b9f-98442b9bed24','Pickup','2026-02-20 11:44:37','2026-02-20 11:55:18','finished','A',NULL,11,'1s2s','Brandon');
INSERT INTO games VALUES('0fe844aa-1e10-4505-9fe5-419a041e0876','Pickup','2026-02-20 11:58:22','2026-02-20 12:07:04','finished','B',NULL,11,'1s2s','Garrett, steal. Jacob assist. Addison, three.');
INSERT INTO games VALUES('dc24ff88-0d3f-4898-b229-8f44cb29fab6','Pickup','2026-02-20 12:09:02','2026-02-20 12:16:07','finished','A',NULL,11,'1s2s','Beau b three.');
CREATE TABLE IF NOT EXISTS rosters (
      game_id TEXT NOT NULL,
      player_id TEXT NOT NULL,
      team TEXT NOT NULL,
      PRIMARY KEY (game_id, player_id),
      FOREIGN KEY (game_id) REFERENCES games(id),
      FOREIGN KEY (player_id) REFERENCES players(id)
    );
INSERT INTO rosters VALUES('4b9b8b65-27cd-4cba-9133-e8904e0a0350','c7c7801d-410a-4a56-86aa-7db689e41b5c','A');
INSERT INTO rosters VALUES('4b9b8b65-27cd-4cba-9133-e8904e0a0350','e90806fa-1bf2-4457-9b89-fe0af4e353bd','A');
INSERT INTO rosters VALUES('4b9b8b65-27cd-4cba-9133-e8904e0a0350','5690ad32-12a1-4a60-9c9f-5746b5d577c0','A');
INSERT INTO rosters VALUES('4b9b8b65-27cd-4cba-9133-e8904e0a0350','ff83714b-c6b8-47f7-9093-f3a88f9a3cd8','A');
INSERT INTO rosters VALUES('4b9b8b65-27cd-4cba-9133-e8904e0a0350','9493a292-5502-4b2a-ae32-6a840b2bb38d','A');
INSERT INTO rosters VALUES('4b9b8b65-27cd-4cba-9133-e8904e0a0350','97b6ee41-5728-4f59-9d6b-9f3e84a1af90','B');
INSERT INTO rosters VALUES('4b9b8b65-27cd-4cba-9133-e8904e0a0350','b19f52a6-ef78-4063-8516-3bf5dcf4be59','B');
INSERT INTO rosters VALUES('4b9b8b65-27cd-4cba-9133-e8904e0a0350','ca70ce91-bd74-42f4-b07a-da38a66424a1','B');
INSERT INTO rosters VALUES('4b9b8b65-27cd-4cba-9133-e8904e0a0350','004347fb-c844-4419-8e63-bc80ae3bf86d','B');
INSERT INTO rosters VALUES('4b9b8b65-27cd-4cba-9133-e8904e0a0350','50678a5f-b23b-496b-95c1-0f2550feb6dd','B');
INSERT INTO rosters VALUES('cc240e4d-16f0-44d4-a5b6-3caf20654170','c7c7801d-410a-4a56-86aa-7db689e41b5c','A');
INSERT INTO rosters VALUES('cc240e4d-16f0-44d4-a5b6-3caf20654170','e90806fa-1bf2-4457-9b89-fe0af4e353bd','A');
INSERT INTO rosters VALUES('cc240e4d-16f0-44d4-a5b6-3caf20654170','9493a292-5502-4b2a-ae32-6a840b2bb38d','A');
INSERT INTO rosters VALUES('cc240e4d-16f0-44d4-a5b6-3caf20654170','5690ad32-12a1-4a60-9c9f-5746b5d577c0','A');
INSERT INTO rosters VALUES('cc240e4d-16f0-44d4-a5b6-3caf20654170','ff83714b-c6b8-47f7-9093-f3a88f9a3cd8','A');
INSERT INTO rosters VALUES('cc240e4d-16f0-44d4-a5b6-3caf20654170','b19f52a6-ef78-4063-8516-3bf5dcf4be59','B');
INSERT INTO rosters VALUES('cc240e4d-16f0-44d4-a5b6-3caf20654170','97b6ee41-5728-4f59-9d6b-9f3e84a1af90','B');
INSERT INTO rosters VALUES('cc240e4d-16f0-44d4-a5b6-3caf20654170','ca70ce91-bd74-42f4-b07a-da38a66424a1','B');
INSERT INTO rosters VALUES('cc240e4d-16f0-44d4-a5b6-3caf20654170','004347fb-c844-4419-8e63-bc80ae3bf86d','B');
INSERT INTO rosters VALUES('cc240e4d-16f0-44d4-a5b6-3caf20654170','50678a5f-b23b-496b-95c1-0f2550feb6dd','B');
INSERT INTO rosters VALUES('250d03e8-235f-4393-9b9f-98442b9bed24','ca70ce91-bd74-42f4-b07a-da38a66424a1','A');
INSERT INTO rosters VALUES('250d03e8-235f-4393-9b9f-98442b9bed24','004347fb-c844-4419-8e63-bc80ae3bf86d','A');
INSERT INTO rosters VALUES('250d03e8-235f-4393-9b9f-98442b9bed24','50678a5f-b23b-496b-95c1-0f2550feb6dd','A');
INSERT INTO rosters VALUES('250d03e8-235f-4393-9b9f-98442b9bed24','b19f52a6-ef78-4063-8516-3bf5dcf4be59','A');
INSERT INTO rosters VALUES('250d03e8-235f-4393-9b9f-98442b9bed24','97b6ee41-5728-4f59-9d6b-9f3e84a1af90','A');
INSERT INTO rosters VALUES('250d03e8-235f-4393-9b9f-98442b9bed24','9493a292-5502-4b2a-ae32-6a840b2bb38d','B');
INSERT INTO rosters VALUES('250d03e8-235f-4393-9b9f-98442b9bed24','e90806fa-1bf2-4457-9b89-fe0af4e353bd','B');
INSERT INTO rosters VALUES('250d03e8-235f-4393-9b9f-98442b9bed24','c7c7801d-410a-4a56-86aa-7db689e41b5c','B');
INSERT INTO rosters VALUES('250d03e8-235f-4393-9b9f-98442b9bed24','5690ad32-12a1-4a60-9c9f-5746b5d577c0','B');
INSERT INTO rosters VALUES('250d03e8-235f-4393-9b9f-98442b9bed24','ff83714b-c6b8-47f7-9093-f3a88f9a3cd8','B');
INSERT INTO rosters VALUES('0fe844aa-1e10-4505-9fe5-419a041e0876','b19f52a6-ef78-4063-8516-3bf5dcf4be59','A');
INSERT INTO rosters VALUES('0fe844aa-1e10-4505-9fe5-419a041e0876','50678a5f-b23b-496b-95c1-0f2550feb6dd','A');
INSERT INTO rosters VALUES('0fe844aa-1e10-4505-9fe5-419a041e0876','004347fb-c844-4419-8e63-bc80ae3bf86d','A');
INSERT INTO rosters VALUES('0fe844aa-1e10-4505-9fe5-419a041e0876','ca70ce91-bd74-42f4-b07a-da38a66424a1','A');
INSERT INTO rosters VALUES('0fe844aa-1e10-4505-9fe5-419a041e0876','97b6ee41-5728-4f59-9d6b-9f3e84a1af90','A');
INSERT INTO rosters VALUES('0fe844aa-1e10-4505-9fe5-419a041e0876','c7c7801d-410a-4a56-86aa-7db689e41b5c','B');
INSERT INTO rosters VALUES('0fe844aa-1e10-4505-9fe5-419a041e0876','e90806fa-1bf2-4457-9b89-fe0af4e353bd','B');
INSERT INTO rosters VALUES('0fe844aa-1e10-4505-9fe5-419a041e0876','9493a292-5502-4b2a-ae32-6a840b2bb38d','B');
INSERT INTO rosters VALUES('0fe844aa-1e10-4505-9fe5-419a041e0876','ff83714b-c6b8-47f7-9093-f3a88f9a3cd8','B');
INSERT INTO rosters VALUES('0fe844aa-1e10-4505-9fe5-419a041e0876','5690ad32-12a1-4a60-9c9f-5746b5d577c0','B');
INSERT INTO rosters VALUES('dc24ff88-0d3f-4898-b229-8f44cb29fab6','c7c7801d-410a-4a56-86aa-7db689e41b5c','A');
INSERT INTO rosters VALUES('dc24ff88-0d3f-4898-b229-8f44cb29fab6','9493a292-5502-4b2a-ae32-6a840b2bb38d','A');
INSERT INTO rosters VALUES('dc24ff88-0d3f-4898-b229-8f44cb29fab6','e90806fa-1bf2-4457-9b89-fe0af4e353bd','A');
INSERT INTO rosters VALUES('dc24ff88-0d3f-4898-b229-8f44cb29fab6','5690ad32-12a1-4a60-9c9f-5746b5d577c0','A');
INSERT INTO rosters VALUES('dc24ff88-0d3f-4898-b229-8f44cb29fab6','004347fb-c844-4419-8e63-bc80ae3bf86d','B');
INSERT INTO rosters VALUES('dc24ff88-0d3f-4898-b229-8f44cb29fab6','50678a5f-b23b-496b-95c1-0f2550feb6dd','B');
INSERT INTO rosters VALUES('dc24ff88-0d3f-4898-b229-8f44cb29fab6','b19f52a6-ef78-4063-8516-3bf5dcf4be59','B');
INSERT INTO rosters VALUES('dc24ff88-0d3f-4898-b229-8f44cb29fab6','97b6ee41-5728-4f59-9d6b-9f3e84a1af90','B');
CREATE TABLE IF NOT EXISTS game_events (
      id INTEGER PRIMARY KEY AUTOINCREMENT,
      game_id TEXT NOT NULL,
      player_id TEXT NOT NULL,
      event_type TEXT NOT NULL,
      point_value INTEGER NOT NULL,
      corrected_event_id INTEGER,
      raw_transcript TEXT,
      created_at DATETIME DEFAULT CURRENT_TIMESTAMP,
      FOREIGN KEY (game_id) REFERENCES games(id),
      FOREIGN KEY (player_id) REFERENCES players(id)
    );
INSERT INTO game_events VALUES(287,'4b9b8b65-27cd-4cba-9133-e8904e0a0350','97b6ee41-5728-4f59-9d6b-9f3e84a1af90','score',2,NULL,'You do have to pass the ball, Ed.','2026-02-20 11:14:19');
INSERT INTO game_events VALUES(288,'4b9b8b65-27cd-4cba-9133-e8904e0a0350','97b6ee41-5728-4f59-9d6b-9f3e84a1af90','correction',-2,287,'watch-undo','2026-02-20 11:14:32');
INSERT INTO game_events VALUES(289,'4b9b8b65-27cd-4cba-9133-e8904e0a0350','c7c7801d-410a-4a56-86aa-7db689e41b5c','score',1,NULL,'Beau bucket.','2026-02-20 11:14:40');
INSERT INTO game_events VALUES(290,'4b9b8b65-27cd-4cba-9133-e8904e0a0350','50678a5f-b23b-496b-95c1-0f2550feb6dd','score',1,NULL,'Austin bucket.','2026-02-20 11:15:15');
INSERT INTO game_events VALUES(291,'4b9b8b65-27cd-4cba-9133-e8904e0a0350','9493a292-5502-4b2a-ae32-6a840b2bb38d','assist',0,NULL,'Addison assist. Beau three.','2026-02-20 11:15:49');
INSERT INTO game_events VALUES(292,'4b9b8b65-27cd-4cba-9133-e8904e0a0350','c7c7801d-410a-4a56-86aa-7db689e41b5c','score',2,NULL,'Addison assist. Beau three.','2026-02-20 11:15:49');
INSERT INTO game_events VALUES(293,'4b9b8b65-27cd-4cba-9133-e8904e0a0350','e90806fa-1bf2-4457-9b89-fe0af4e353bd','steal',0,NULL,'Jackson steal.','2026-02-20 11:16:00');
INSERT INTO game_events VALUES(294,'4b9b8b65-27cd-4cba-9133-e8904e0a0350','ca70ce91-bd74-42f4-b07a-da38a66424a1','score',1,NULL,'Brandon. Brandon bucket.','2026-02-20 11:16:42');
INSERT INTO game_events VALUES(295,'4b9b8b65-27cd-4cba-9133-e8904e0a0350','ff83714b-c6b8-47f7-9093-f3a88f9a3cd8','steal',0,NULL,'Jacob steal.','2026-02-20 11:17:13');
INSERT INTO game_events VALUES(296,'4b9b8b65-27cd-4cba-9133-e8904e0a0350','ff83714b-c6b8-47f7-9093-f3a88f9a3cd8','score',1,NULL,'Jacob, and bucket.','2026-02-20 11:17:23');
INSERT INTO game_events VALUES(297,'4b9b8b65-27cd-4cba-9133-e8904e0a0350','e90806fa-1bf2-4457-9b89-fe0af4e353bd','steal',0,NULL,'Jackson steal.','2026-02-20 11:17:47');
INSERT INTO game_events VALUES(298,'4b9b8b65-27cd-4cba-9133-e8904e0a0350','e90806fa-1bf2-4457-9b89-fe0af4e353bd','score',1,NULL,'Jackson bucket.','2026-02-20 11:17:54');
INSERT INTO game_events VALUES(299,'4b9b8b65-27cd-4cba-9133-e8904e0a0350','b19f52a6-ef78-4063-8516-3bf5dcf4be59','score',1,NULL,'Garrett bucket.','2026-02-20 11:18:54');
INSERT INTO game_events VALUES(300,'4b9b8b65-27cd-4cba-9133-e8904e0a0350','e90806fa-1bf2-4457-9b89-fe0af4e353bd','steal',0,NULL,'Jackson steal.','2026-02-20 11:19:19');
INSERT INTO game_events VALUES(301,'4b9b8b65-27cd-4cba-9133-e8904e0a0350','97b6ee41-5728-4f59-9d6b-9f3e84a1af90','steal',0,NULL,'Ed, steal.','2026-02-20 11:20:24');
INSERT INTO game_events VALUES(302,'4b9b8b65-27cd-4cba-9133-e8904e0a0350','e90806fa-1bf2-4457-9b89-fe0af4e353bd','block',0,NULL,'Jackson block.','2026-02-20 11:21:07');
INSERT INTO game_events VALUES(303,'4b9b8b65-27cd-4cba-9133-e8904e0a0350','c7c7801d-410a-4a56-86aa-7db689e41b5c','block',0,NULL,'Beau block.','2026-02-20 11:21:54');
INSERT INTO game_events VALUES(304,'4b9b8b65-27cd-4cba-9133-e8904e0a0350','50678a5f-b23b-496b-95c1-0f2550feb6dd','score',1,NULL,'Austin bucket.','2026-02-20 11:22:07');
INSERT INTO game_events VALUES(305,'4b9b8b65-27cd-4cba-9133-e8904e0a0350','9493a292-5502-4b2a-ae32-6a840b2bb38d','assist',0,NULL,'Addison assist. Gage three.','2026-02-20 11:22:15');
INSERT INTO game_events VALUES(306,'4b9b8b65-27cd-4cba-9133-e8904e0a0350','5690ad32-12a1-4a60-9c9f-5746b5d577c0','score',2,NULL,'Addison assist. Gage three.','2026-02-20 11:22:15');
INSERT INTO game_events VALUES(307,'4b9b8b65-27cd-4cba-9133-e8904e0a0350','004347fb-c844-4419-8e63-bc80ae3bf86d','assist',0,NULL,'Joe assist Brandon bucket.','2026-02-20 11:23:58');
INSERT INTO game_events VALUES(308,'4b9b8b65-27cd-4cba-9133-e8904e0a0350','ca70ce91-bd74-42f4-b07a-da38a66424a1','score',1,NULL,'Joe assist Brandon bucket.','2026-02-20 11:23:58');
INSERT INTO game_events VALUES(309,'4b9b8b65-27cd-4cba-9133-e8904e0a0350','ff83714b-c6b8-47f7-9093-f3a88f9a3cd8','score',1,NULL,'Addison assist, Jacob bucket.','2026-02-20 11:24:21');
INSERT INTO game_events VALUES(310,'4b9b8b65-27cd-4cba-9133-e8904e0a0350','9493a292-5502-4b2a-ae32-6a840b2bb38d','assist',0,NULL,'Addison assist, Jacob bucket.','2026-02-20 11:24:21');
INSERT INTO game_events VALUES(311,'4b9b8b65-27cd-4cba-9133-e8904e0a0350','c7c7801d-410a-4a56-86aa-7db689e41b5c','score',1,NULL,'Beau bucket.','2026-02-20 11:24:54');
INSERT INTO game_events VALUES(313,'4b9b8b65-27cd-4cba-9133-e8904e0a0350','ca70ce91-bd74-42f4-b07a-da38a66424a1','steal',0,NULL,'Brandon steal.','2026-02-20 11:25:51');
INSERT INTO game_events VALUES(314,'4b9b8b65-27cd-4cba-9133-e8904e0a0350','ca70ce91-bd74-42f4-b07a-da38a66424a1','score',2,NULL,'Brandon three.','2026-02-20 11:26:00');
INSERT INTO game_events VALUES(315,'4b9b8b65-27cd-4cba-9133-e8904e0a0350','e90806fa-1bf2-4457-9b89-fe0af4e353bd','score',1,NULL,'Jackson bucket.','2026-02-20 11:26:59');
INSERT INTO game_events VALUES(316,'4b9b8b65-27cd-4cba-9133-e8904e0a0350','ca70ce91-bd74-42f4-b07a-da38a66424a1','score',1,NULL,'manual-edit','2026-02-20 11:28:50');
INSERT INTO game_events VALUES(317,'4b9b8b65-27cd-4cba-9133-e8904e0a0350','5690ad32-12a1-4a60-9c9f-5746b5d577c0','score',1,NULL,'manual-edit','2026-02-20 11:28:55');
INSERT INTO game_events VALUES(318,'4b9b8b65-27cd-4cba-9133-e8904e0a0350','9493a292-5502-4b2a-ae32-6a840b2bb38d','assist',0,NULL,'manual-edit','2026-02-20 11:29:02');
INSERT INTO game_events VALUES(319,'cc240e4d-16f0-44d4-a5b6-3caf20654170','50678a5f-b23b-496b-95c1-0f2550feb6dd','assist',0,NULL,'Austin assist, Joe two.','2026-02-20 11:33:11');
INSERT INTO game_events VALUES(320,'cc240e4d-16f0-44d4-a5b6-3caf20654170','004347fb-c844-4419-8e63-bc80ae3bf86d','score',2,NULL,'Austin assist, Joe two.','2026-02-20 11:33:11');
INSERT INTO game_events VALUES(321,'cc240e4d-16f0-44d4-a5b6-3caf20654170','c7c7801d-410a-4a56-86aa-7db689e41b5c','score',1,NULL,'Beau bucket.','2026-02-20 11:33:56');
INSERT INTO game_events VALUES(322,'cc240e4d-16f0-44d4-a5b6-3caf20654170','50678a5f-b23b-496b-95c1-0f2550feb6dd','score',1,NULL,'Austin bucket.','2026-02-20 11:34:10');
INSERT INTO game_events VALUES(323,'cc240e4d-16f0-44d4-a5b6-3caf20654170','5690ad32-12a1-4a60-9c9f-5746b5d577c0','score',1,NULL,'Addison assist, gauge bucket.','2026-02-20 11:35:18');
INSERT INTO game_events VALUES(324,'cc240e4d-16f0-44d4-a5b6-3caf20654170','9493a292-5502-4b2a-ae32-6a840b2bb38d','assist',0,NULL,'Addison assist, gauge bucket.','2026-02-20 11:35:18');
INSERT INTO game_events VALUES(325,'cc240e4d-16f0-44d4-a5b6-3caf20654170','ca70ce91-bd74-42f4-b07a-da38a66424a1','score',1,NULL,'Brandon bucket.','2026-02-20 11:36:19');
INSERT INTO game_events VALUES(326,'cc240e4d-16f0-44d4-a5b6-3caf20654170','b19f52a6-ef78-4063-8516-3bf5dcf4be59','assist',0,NULL,'Nice, man. Garrett assist, Austin bucket.','2026-02-20 11:37:08');
INSERT INTO game_events VALUES(327,'cc240e4d-16f0-44d4-a5b6-3caf20654170','50678a5f-b23b-496b-95c1-0f2550feb6dd','score',1,NULL,'Nice, man. Garrett assist, Austin bucket.','2026-02-20 11:37:08');
INSERT INTO game_events VALUES(328,'cc240e4d-16f0-44d4-a5b6-3caf20654170','c7c7801d-410a-4a56-86aa-7db689e41b5c','score',1,NULL,'Beau assist, the Addison bucket.','2026-02-20 11:37:16');
INSERT INTO game_events VALUES(329,'cc240e4d-16f0-44d4-a5b6-3caf20654170','c7c7801d-410a-4a56-86aa-7db689e41b5c','correction',-1,328,'watch-undo','2026-02-20 11:37:20');
INSERT INTO game_events VALUES(330,'cc240e4d-16f0-44d4-a5b6-3caf20654170','c7c7801d-410a-4a56-86aa-7db689e41b5c','assist',0,NULL,'Beau assist Addison three.','2026-02-20 11:37:29');
INSERT INTO game_events VALUES(331,'cc240e4d-16f0-44d4-a5b6-3caf20654170','9493a292-5502-4b2a-ae32-6a840b2bb38d','score',2,NULL,'Beau assist Addison three.','2026-02-20 11:37:29');
INSERT INTO game_events VALUES(332,'cc240e4d-16f0-44d4-a5b6-3caf20654170','ca70ce91-bd74-42f4-b07a-da38a66424a1','score',1,NULL,'Brandon bucket.','2026-02-20 11:37:37');
INSERT INTO game_events VALUES(333,'cc240e4d-16f0-44d4-a5b6-3caf20654170','9493a292-5502-4b2a-ae32-6a840b2bb38d','score',2,NULL,'Addison. Brandon three.','2026-02-20 11:38:19');
INSERT INTO game_events VALUES(334,'cc240e4d-16f0-44d4-a5b6-3caf20654170','9493a292-5502-4b2a-ae32-6a840b2bb38d','correction',-2,333,'watch-undo','2026-02-20 11:38:33');
INSERT INTO game_events VALUES(335,'cc240e4d-16f0-44d4-a5b6-3caf20654170','97b6ee41-5728-4f59-9d6b-9f3e84a1af90','assist',0,NULL,'Add assist Brandon three.','2026-02-20 11:38:41');
INSERT INTO game_events VALUES(336,'cc240e4d-16f0-44d4-a5b6-3caf20654170','ca70ce91-bd74-42f4-b07a-da38a66424a1','score',2,NULL,'Add assist Brandon three.','2026-02-20 11:38:41');
INSERT INTO game_events VALUES(337,'cc240e4d-16f0-44d4-a5b6-3caf20654170','ca70ce91-bd74-42f4-b07a-da38a66424a1','score',2,NULL,'Brandon, three.','2026-02-20 11:38:58');
INSERT INTO game_events VALUES(338,'cc240e4d-16f0-44d4-a5b6-3caf20654170','9493a292-5502-4b2a-ae32-6a840b2bb38d','assist',0,NULL,'Addison assist. Jackson, three.','2026-02-20 11:41:13');
INSERT INTO game_events VALUES(339,'cc240e4d-16f0-44d4-a5b6-3caf20654170','e90806fa-1bf2-4457-9b89-fe0af4e353bd','score',2,NULL,'Addison assist. Jackson, three.','2026-02-20 11:41:13');
INSERT INTO game_events VALUES(342,'cc240e4d-16f0-44d4-a5b6-3caf20654170','97b6ee41-5728-4f59-9d6b-9f3e84a1af90','assist',0,NULL,'Ed assist Brandon bucket.','2026-02-20 11:41:57');
INSERT INTO game_events VALUES(343,'cc240e4d-16f0-44d4-a5b6-3caf20654170','ca70ce91-bd74-42f4-b07a-da38a66424a1','score',1,NULL,'Ed assist Brandon bucket.','2026-02-20 11:41:58');
INSERT INTO game_events VALUES(344,'250d03e8-235f-4393-9b9f-98442b9bed24','97b6ee41-5728-4f59-9d6b-9f3e84a1af90','score',2,NULL,'that might be the stat to have. Yeah. I''ll add it. I can''t even know.','2026-02-20 11:45:38');
INSERT INTO game_events VALUES(345,'250d03e8-235f-4393-9b9f-98442b9bed24','97b6ee41-5728-4f59-9d6b-9f3e84a1af90','assist',0,NULL,'Ed assist Austin three.','2026-02-20 11:45:50');
INSERT INTO game_events VALUES(346,'250d03e8-235f-4393-9b9f-98442b9bed24','50678a5f-b23b-496b-95c1-0f2550feb6dd','score',2,NULL,'Ed assist Austin three.','2026-02-20 11:45:51');
INSERT INTO game_events VALUES(347,'250d03e8-235f-4393-9b9f-98442b9bed24','50678a5f-b23b-496b-95c1-0f2550feb6dd','correction',-2,346,'watch-undo','2026-02-20 11:46:00');
INSERT INTO game_events VALUES(348,'250d03e8-235f-4393-9b9f-98442b9bed24','97b6ee41-5728-4f59-9d6b-9f3e84a1af90','correction',-2,344,'watch-undo','2026-02-20 11:46:01');
INSERT INTO game_events VALUES(349,'250d03e8-235f-4393-9b9f-98442b9bed24','50678a5f-b23b-496b-95c1-0f2550feb6dd','score',2,NULL,'Austin three.','2026-02-20 11:46:20');
INSERT INTO game_events VALUES(350,'250d03e8-235f-4393-9b9f-98442b9bed24','b19f52a6-ef78-4063-8516-3bf5dcf4be59','assist',0,NULL,'Garrett assist Brandon bucket.','2026-02-20 11:48:39');
INSERT INTO game_events VALUES(351,'250d03e8-235f-4393-9b9f-98442b9bed24','ca70ce91-bd74-42f4-b07a-da38a66424a1','score',1,NULL,'Garrett assist Brandon bucket.','2026-02-20 11:48:40');
INSERT INTO game_events VALUES(352,'250d03e8-235f-4393-9b9f-98442b9bed24','b19f52a6-ef78-4063-8516-3bf5dcf4be59','steal',0,NULL,'Garrett, steal.','2026-02-20 11:48:48');
INSERT INTO game_events VALUES(353,'250d03e8-235f-4393-9b9f-98442b9bed24','9493a292-5502-4b2a-ae32-6a840b2bb38d','steal',0,NULL,'Addison Steel.','2026-02-20 11:48:52');
INSERT INTO game_events VALUES(354,'250d03e8-235f-4393-9b9f-98442b9bed24','9493a292-5502-4b2a-ae32-6a840b2bb38d','score',2,NULL,'Addison, three.','2026-02-20 11:49:04');
INSERT INTO game_events VALUES(355,'250d03e8-235f-4393-9b9f-98442b9bed24','c7c7801d-410a-4a56-86aa-7db689e41b5c','score',1,NULL,'Got him. Hey. Beau, bucket.','2026-02-20 11:50:09');
INSERT INTO game_events VALUES(356,'250d03e8-235f-4393-9b9f-98442b9bed24','004347fb-c844-4419-8e63-bc80ae3bf86d','score',2,NULL,'Joe three.','2026-02-20 11:50:29');
INSERT INTO game_events VALUES(357,'250d03e8-235f-4393-9b9f-98442b9bed24','9493a292-5502-4b2a-ae32-6a840b2bb38d','score',1,NULL,'Addison bucket.','2026-02-20 11:50:53');
INSERT INTO game_events VALUES(358,'250d03e8-235f-4393-9b9f-98442b9bed24','9493a292-5502-4b2a-ae32-6a840b2bb38d','correction',-1,357,'watch-undo','2026-02-20 11:51:08');
INSERT INTO game_events VALUES(359,'250d03e8-235f-4393-9b9f-98442b9bed24','ff83714b-c6b8-47f7-9093-f3a88f9a3cd8','block',0,NULL,'Jacob block.','2026-02-20 11:51:33');
INSERT INTO game_events VALUES(360,'250d03e8-235f-4393-9b9f-98442b9bed24','9493a292-5502-4b2a-ae32-6a840b2bb38d','score',1,NULL,'Addison bucket.','2026-02-20 11:51:41');
INSERT INTO game_events VALUES(361,'250d03e8-235f-4393-9b9f-98442b9bed24','004347fb-c844-4419-8e63-bc80ae3bf86d','steal',0,NULL,'Joe steal.','2026-02-20 11:52:24');
INSERT INTO game_events VALUES(362,'250d03e8-235f-4393-9b9f-98442b9bed24','e90806fa-1bf2-4457-9b89-fe0af4e353bd','score',1,NULL,'Jackson bucket.','2026-02-20 11:52:56');
INSERT INTO game_events VALUES(363,'250d03e8-235f-4393-9b9f-98442b9bed24','ca70ce91-bd74-42f4-b07a-da38a66424a1','assist',0,NULL,'Brandon assist Austin bucket.','2026-02-20 11:53:36');
INSERT INTO game_events VALUES(364,'250d03e8-235f-4393-9b9f-98442b9bed24','50678a5f-b23b-496b-95c1-0f2550feb6dd','score',1,NULL,'Brandon assist Austin bucket.','2026-02-20 11:53:37');
INSERT INTO game_events VALUES(365,'250d03e8-235f-4393-9b9f-98442b9bed24','004347fb-c844-4419-8e63-bc80ae3bf86d','assist',0,NULL,'Joe assist, Austin bucket.','2026-02-20 11:54:00');
INSERT INTO game_events VALUES(366,'250d03e8-235f-4393-9b9f-98442b9bed24','50678a5f-b23b-496b-95c1-0f2550feb6dd','score',1,NULL,'Joe assist, Austin bucket.','2026-02-20 11:54:00');
INSERT INTO game_events VALUES(367,'250d03e8-235f-4393-9b9f-98442b9bed24','b19f52a6-ef78-4063-8516-3bf5dcf4be59','score',2,NULL,'Garett, three.','2026-02-20 11:54:31');
INSERT INTO game_events VALUES(369,'250d03e8-235f-4393-9b9f-98442b9bed24','5690ad32-12a1-4a60-9c9f-5746b5d577c0','score',2,NULL,'Beau assist, Gage three.','2026-02-20 11:54:49');
INSERT INTO game_events VALUES(370,'250d03e8-235f-4393-9b9f-98442b9bed24','5690ad32-12a1-4a60-9c9f-5746b5d577c0','correction',-2,369,'watch-undo','2026-02-20 11:54:55');
INSERT INTO game_events VALUES(371,'250d03e8-235f-4393-9b9f-98442b9bed24','5690ad32-12a1-4a60-9c9f-5746b5d577c0','score',2,NULL,'Beau assist, gauge three.','2026-02-20 11:55:07');
INSERT INTO game_events VALUES(372,'250d03e8-235f-4393-9b9f-98442b9bed24','c7c7801d-410a-4a56-86aa-7db689e41b5c','assist',0,NULL,'Beau assist, gauge three.','2026-02-20 11:55:07');
INSERT INTO game_events VALUES(374,'250d03e8-235f-4393-9b9f-98442b9bed24','ca70ce91-bd74-42f4-b07a-da38a66424a1','score',1,NULL,'Brandon bucket.','2026-02-20 11:55:19');
INSERT INTO game_events VALUES(375,'250d03e8-235f-4393-9b9f-98442b9bed24','9493a292-5502-4b2a-ae32-6a840b2bb38d','assist',0,NULL,'manual-edit','2026-02-20 11:56:41');
INSERT INTO game_events VALUES(376,'250d03e8-235f-4393-9b9f-98442b9bed24','e90806fa-1bf2-4457-9b89-fe0af4e353bd','score',2,NULL,'manual-edit','2026-02-20 11:56:49');
INSERT INTO game_events VALUES(377,'250d03e8-235f-4393-9b9f-98442b9bed24','ca70ce91-bd74-42f4-b07a-da38a66424a1','score',1,NULL,'manual-edit','2026-02-20 11:56:56');
INSERT INTO game_events VALUES(378,'0fe844aa-1e10-4505-9fe5-419a041e0876','b19f52a6-ef78-4063-8516-3bf5dcf4be59','assist',0,NULL,'Garrett assist, Brandon bucket.','2026-02-20 12:00:21');
INSERT INTO game_events VALUES(379,'0fe844aa-1e10-4505-9fe5-419a041e0876','ca70ce91-bd74-42f4-b07a-da38a66424a1','score',1,NULL,'Garrett assist, Brandon bucket.','2026-02-20 12:00:21');
INSERT INTO game_events VALUES(380,'0fe844aa-1e10-4505-9fe5-419a041e0876','ff83714b-c6b8-47f7-9093-f3a88f9a3cd8','steal',0,NULL,'Jacob steal.','2026-02-20 12:00:55');
INSERT INTO game_events VALUES(381,'0fe844aa-1e10-4505-9fe5-419a041e0876','c7c7801d-410a-4a56-86aa-7db689e41b5c','score',2,NULL,'Beau fifth Gage three.','2026-02-20 12:01:40');
INSERT INTO game_events VALUES(382,'0fe844aa-1e10-4505-9fe5-419a041e0876','c7c7801d-410a-4a56-86aa-7db689e41b5c','correction',-2,381,'watch-undo','2026-02-20 12:02:01');
INSERT INTO game_events VALUES(383,'0fe844aa-1e10-4505-9fe5-419a041e0876','5690ad32-12a1-4a60-9c9f-5746b5d577c0','score',2,NULL,'Beau assist, gauge three.','2026-02-20 12:02:11');
INSERT INTO game_events VALUES(384,'0fe844aa-1e10-4505-9fe5-419a041e0876','c7c7801d-410a-4a56-86aa-7db689e41b5c','assist',0,NULL,'Beau assist, gauge three.','2026-02-20 12:02:11');
INSERT INTO game_events VALUES(385,'0fe844aa-1e10-4505-9fe5-419a041e0876','97b6ee41-5728-4f59-9d6b-9f3e84a1af90','score',1,NULL,'Ed bucket.','2026-02-20 12:03:01');
INSERT INTO game_events VALUES(386,'0fe844aa-1e10-4505-9fe5-419a041e0876','9493a292-5502-4b2a-ae32-6a840b2bb38d','score',2,NULL,'Gage assist Addison three.','2026-02-20 12:03:19');
INSERT INTO game_events VALUES(387,'0fe844aa-1e10-4505-9fe5-419a041e0876','5690ad32-12a1-4a60-9c9f-5746b5d577c0','assist',0,NULL,'Gage assist Addison three.','2026-02-20 12:03:19');
INSERT INTO game_events VALUES(388,'0fe844aa-1e10-4505-9fe5-419a041e0876','9493a292-5502-4b2a-ae32-6a840b2bb38d','assist',0,NULL,'Addison assist, Beau bucket.','2026-02-20 12:03:44');
INSERT INTO game_events VALUES(389,'0fe844aa-1e10-4505-9fe5-419a041e0876','c7c7801d-410a-4a56-86aa-7db689e41b5c','score',1,NULL,'Addison assist, Beau bucket.','2026-02-20 12:03:44');
INSERT INTO game_events VALUES(390,'0fe844aa-1e10-4505-9fe5-419a041e0876','9493a292-5502-4b2a-ae32-6a840b2bb38d','assist',0,NULL,'Addison assist, Jackson bucket.','2026-02-20 12:04:25');
INSERT INTO game_events VALUES(391,'0fe844aa-1e10-4505-9fe5-419a041e0876','e90806fa-1bf2-4457-9b89-fe0af4e353bd','score',1,NULL,'Addison assist, Jackson bucket.','2026-02-20 12:04:25');
INSERT INTO game_events VALUES(392,'0fe844aa-1e10-4505-9fe5-419a041e0876','ca70ce91-bd74-42f4-b07a-da38a66424a1','score',1,NULL,'Brandon bucket.','2026-02-20 12:04:42');
INSERT INTO game_events VALUES(393,'0fe844aa-1e10-4505-9fe5-419a041e0876','9493a292-5502-4b2a-ae32-6a840b2bb38d','score',2,NULL,'Addison three.','2026-02-20 12:04:52');
INSERT INTO game_events VALUES(394,'0fe844aa-1e10-4505-9fe5-419a041e0876','9493a292-5502-4b2a-ae32-6a840b2bb38d','steal',0,NULL,'Addison steal.','2026-02-20 12:05:09');
INSERT INTO game_events VALUES(395,'0fe844aa-1e10-4505-9fe5-419a041e0876','c7c7801d-410a-4a56-86aa-7db689e41b5c','score',1,NULL,'Oh, yeah. Beau bucket.','2026-02-20 12:05:20');
INSERT INTO game_events VALUES(396,'0fe844aa-1e10-4505-9fe5-419a041e0876','50678a5f-b23b-496b-95c1-0f2550feb6dd','score',1,NULL,'Austin, bucket.','2026-02-20 12:05:41');
INSERT INTO game_events VALUES(397,'0fe844aa-1e10-4505-9fe5-419a041e0876','b19f52a6-ef78-4063-8516-3bf5dcf4be59','steal',0,NULL,'Garrett, steal.','2026-02-20 12:06:40');
INSERT INTO game_events VALUES(398,'0fe844aa-1e10-4505-9fe5-419a041e0876','9493a292-5502-4b2a-ae32-6a840b2bb38d','score',2,NULL,'Jacob assist. Addison three.','2026-02-20 12:07:03');
INSERT INTO game_events VALUES(399,'0fe844aa-1e10-4505-9fe5-419a041e0876','ff83714b-c6b8-47f7-9093-f3a88f9a3cd8','assist',0,NULL,'Jacob assist. Addison three.','2026-02-20 12:07:03');
INSERT INTO game_events VALUES(400,'dc24ff88-0d3f-4898-b229-8f44cb29fab6','b19f52a6-ef78-4063-8516-3bf5dcf4be59','steal',0,NULL,'Garett, steal.','2026-02-20 12:09:39');
INSERT INTO game_events VALUES(401,'dc24ff88-0d3f-4898-b229-8f44cb29fab6','b19f52a6-ef78-4063-8516-3bf5dcf4be59','score',2,NULL,'That''s good. Lot more room, though. Garett, three.','2026-02-20 12:09:47');
INSERT INTO game_events VALUES(402,'dc24ff88-0d3f-4898-b229-8f44cb29fab6','c7c7801d-410a-4a56-86aa-7db689e41b5c','score',1,NULL,'Beau, bucket.','2026-02-20 12:09:59');
INSERT INTO game_events VALUES(403,'dc24ff88-0d3f-4898-b229-8f44cb29fab6','9493a292-5502-4b2a-ae32-6a840b2bb38d','steal',0,NULL,'Addison steal.','2026-02-20 12:10:44');
INSERT INTO game_events VALUES(404,'dc24ff88-0d3f-4898-b229-8f44cb29fab6','5690ad32-12a1-4a60-9c9f-5746b5d577c0','assist',0,NULL,'Gage assist. Beau bucket.','2026-02-20 12:11:21');
INSERT INTO game_events VALUES(405,'dc24ff88-0d3f-4898-b229-8f44cb29fab6','c7c7801d-410a-4a56-86aa-7db689e41b5c','score',1,NULL,'Gage assist. Beau bucket.','2026-02-20 12:11:21');
INSERT INTO game_events VALUES(406,'dc24ff88-0d3f-4898-b229-8f44cb29fab6','c7c7801d-410a-4a56-86aa-7db689e41b5c','score',1,NULL,'Addison assist. Beau bucket.','2026-02-20 12:11:37');
INSERT INTO game_events VALUES(407,'dc24ff88-0d3f-4898-b229-8f44cb29fab6','9493a292-5502-4b2a-ae32-6a840b2bb38d','assist',0,NULL,'Addison assist. Beau bucket.','2026-02-20 12:11:37');
INSERT INTO game_events VALUES(408,'dc24ff88-0d3f-4898-b229-8f44cb29fab6','b19f52a6-ef78-4063-8516-3bf5dcf4be59','score',1,NULL,'Garrett bucket.','2026-02-20 12:11:59');
INSERT INTO game_events VALUES(409,'dc24ff88-0d3f-4898-b229-8f44cb29fab6','c7c7801d-410a-4a56-86aa-7db689e41b5c','score',1,NULL,'Beau bucket.','2026-02-20 12:12:09');
INSERT INTO game_events VALUES(410,'dc24ff88-0d3f-4898-b229-8f44cb29fab6','004347fb-c844-4419-8e63-bc80ae3bf86d','score',1,NULL,'Joe bucket.','2026-02-20 12:12:25');
INSERT INTO game_events VALUES(411,'dc24ff88-0d3f-4898-b229-8f44cb29fab6','c7c7801d-410a-4a56-86aa-7db689e41b5c','score',1,NULL,'Beau bucket gauge assist.','2026-02-20 12:13:24');
INSERT INTO game_events VALUES(412,'dc24ff88-0d3f-4898-b229-8f44cb29fab6','9493a292-5502-4b2a-ae32-6a840b2bb38d','steal',0,NULL,'Addison steal.','2026-02-20 12:13:45');
INSERT INTO game_events VALUES(413,'dc24ff88-0d3f-4898-b229-8f44cb29fab6','e90806fa-1bf2-4457-9b89-fe0af4e353bd','score',1,NULL,'Addison assist. Jackson bucket.','2026-02-20 12:13:54');
INSERT INTO game_events VALUES(414,'dc24ff88-0d3f-4898-b229-8f44cb29fab6','9493a292-5502-4b2a-ae32-6a840b2bb38d','assist',0,NULL,'Addison assist. Jackson bucket.','2026-02-20 12:13:54');
INSERT INTO game_events VALUES(415,'dc24ff88-0d3f-4898-b229-8f44cb29fab6','e90806fa-1bf2-4457-9b89-fe0af4e353bd','steal',0,NULL,'Jackson steal.','2026-02-20 12:14:08');
INSERT INTO game_events VALUES(416,'dc24ff88-0d3f-4898-b229-8f44cb29fab6','e90806fa-1bf2-4457-9b89-fe0af4e353bd','score',2,NULL,'Jackson three.','2026-02-20 12:14:16');
INSERT INTO game_events VALUES(417,'dc24ff88-0d3f-4898-b229-8f44cb29fab6','c7c7801d-410a-4a56-86aa-7db689e41b5c','score',1,NULL,'Beau bucket.','2026-02-20 12:14:41');
INSERT INTO game_events VALUES(418,'dc24ff88-0d3f-4898-b229-8f44cb29fab6','b19f52a6-ef78-4063-8516-3bf5dcf4be59','score',2,NULL,'Garrett three.','2026-02-20 12:15:02');
INSERT INTO game_events VALUES(419,'dc24ff88-0d3f-4898-b229-8f44cb29fab6','c7c7801d-410a-4a56-86aa-7db689e41b5c','score',2,NULL,'Beau b three.','2026-02-20 12:16:07');
CREATE TABLE IF NOT EXISTS game_transcripts (
      id INTEGER PRIMARY KEY AUTOINCREMENT,
      game_id TEXT NOT NULL,
      raw_text TEXT NOT NULL,
      created_at DATETIME DEFAULT CURRENT_TIMESTAMP, acted_on TEXT,
      FOREIGN KEY (game_id) REFERENCES games(id)
    );
INSERT INTO game_transcripts VALUES(399,'4b9b8b65-27cd-4cba-9133-e8904e0a0350','Test. Test.','2026-02-20 11:12:36',NULL);
INSERT INTO game_transcripts VALUES(400,'4b9b8b65-27cd-4cba-9133-e8904e0a0350','I''m it''s a lot better now, so we''ll see. I don''t know. I','2026-02-20 11:12:41',NULL);
INSERT INTO game_transcripts VALUES(401,'4b9b8b65-27cd-4cba-9133-e8904e0a0350','it is gonna be a lot better. I fixed the problem from last Friday. Oh, really?','2026-02-20 11:12:50',NULL);
INSERT INTO game_transcripts VALUES(402,'4b9b8b65-27cd-4cba-9133-e8904e0a0350','We got them last Friday. It wasn''t, like,','2026-02-20 11:12:54',NULL);
INSERT INTO game_transcripts VALUES(403,'4b9b8b65-27cd-4cba-9133-e8904e0a0350','it it was going until it stopped until it got quiet.','2026-02-20 11:12:57',NULL);
INSERT INTO game_transcripts VALUES(404,'4b9b8b65-27cd-4cba-9133-e8904e0a0350','And then and then it was, like','2026-02-20 11:13:01',NULL);
INSERT INTO game_transcripts VALUES(405,'4b9b8b65-27cd-4cba-9133-e8904e0a0350','calculate. It''s just a fan of So now it, like, it doesn''t weigh. It just, like, calculates.','2026-02-20 11:13:05',NULL);
INSERT INTO game_transcripts VALUES(406,'4b9b8b65-27cd-4cba-9133-e8904e0a0350','Well, it now it''ll, like if I say a stat,','2026-02-20 11:13:10',NULL);
INSERT INTO game_transcripts VALUES(407,'4b9b8b65-27cd-4cba-9133-e8904e0a0350','it''ll, like, count it even if it doesn''t get fired first.','2026-02-20 11:13:14',NULL);
INSERT INTO game_transcripts VALUES(408,'4b9b8b65-27cd-4cba-9133-e8904e0a0350','So this is doing pretty good, but it was only counting, like, half.','2026-02-20 11:13:18',NULL);
INSERT INTO game_transcripts VALUES(409,'4b9b8b65-27cd-4cba-9133-e8904e0a0350','Kind of a lifesaver. No. Well, well,','2026-02-20 11:13:27',NULL);
INSERT INTO game_transcripts VALUES(410,'4b9b8b65-27cd-4cba-9133-e8904e0a0350','You finally made it. Oh, that''s our favorite. So what''s the team?','2026-02-20 11:13:30',NULL);
INSERT INTO game_transcripts VALUES(411,'4b9b8b65-27cd-4cba-9133-e8904e0a0350','It''s me, you. Gage and Jacob? It''s','2026-02-20 11:13:35',NULL);
INSERT INTO game_transcripts VALUES(412,'4b9b8b65-27cd-4cba-9133-e8904e0a0350','us. Gage, Jacob, and Jackson. Yeah. Right here. Outside inside. Where were you at?','2026-02-20 11:13:38',NULL);
INSERT INTO game_transcripts VALUES(413,'4b9b8b65-27cd-4cba-9133-e8904e0a0350','On a flight. Yeah. We''ve really decent Okay. Ride','2026-02-20 11:13:43',NULL);
INSERT INTO game_transcripts VALUES(414,'4b9b8b65-27cd-4cba-9133-e8904e0a0350','Feels a little extra sticky.','2026-02-20 11:14:00',NULL);
INSERT INTO game_transcripts VALUES(415,'4b9b8b65-27cd-4cba-9133-e8904e0a0350','Zero zero. Stat keeper. I know. They''re cheating. I''m a try it. I don''t know. No promises. I''m gonna take the mic off.','2026-02-20 11:14:14',NULL);
INSERT INTO game_transcripts VALUES(416,'4b9b8b65-27cd-4cba-9133-e8904e0a0350','You do have to pass the ball, Ed.','2026-02-20 11:14:19','Ed G. +2');
INSERT INTO game_transcripts VALUES(417,'4b9b8b65-27cd-4cba-9133-e8904e0a0350','Somehow, it''s','2026-02-20 11:14:36',NULL);
INSERT INTO game_transcripts VALUES(418,'4b9b8b65-27cd-4cba-9133-e8904e0a0350','Beau bucket.','2026-02-20 11:14:40','Beau B. +1');
INSERT INTO game_transcripts VALUES(419,'4b9b8b65-27cd-4cba-9133-e8904e0a0350','Austin bucket.','2026-02-20 11:15:15','Austin P. +1');
INSERT INTO game_transcripts VALUES(420,'4b9b8b65-27cd-4cba-9133-e8904e0a0350','Oh, way short.','2026-02-20 11:15:20',NULL);
INSERT INTO game_transcripts VALUES(421,'4b9b8b65-27cd-4cba-9133-e8904e0a0350','I won''t.','2026-02-20 11:15:40',NULL);
INSERT INTO game_transcripts VALUES(422,'4b9b8b65-27cd-4cba-9133-e8904e0a0350','Addison assist. Beau three.','2026-02-20 11:15:49','Beau B. +2 (Addison P. AST)');
INSERT INTO game_transcripts VALUES(423,'4b9b8b65-27cd-4cba-9133-e8904e0a0350','Jackson steal.','2026-02-20 11:16:00','Jackson T. STL');
INSERT INTO game_transcripts VALUES(424,'4b9b8b65-27cd-4cba-9133-e8904e0a0350','Brandon. Brandon bucket.','2026-02-20 11:16:42','Brandon K. +1');
INSERT INTO game_transcripts VALUES(425,'4b9b8b65-27cd-4cba-9133-e8904e0a0350','But','2026-02-20 11:17:04',NULL);
INSERT INTO game_transcripts VALUES(426,'4b9b8b65-27cd-4cba-9133-e8904e0a0350','Jacob steal.','2026-02-20 11:17:13','Jacob T. STL');
INSERT INTO game_transcripts VALUES(427,'4b9b8b65-27cd-4cba-9133-e8904e0a0350','Jacob, and bucket.','2026-02-20 11:17:23','Jacob T. +1');
INSERT INTO game_transcripts VALUES(428,'4b9b8b65-27cd-4cba-9133-e8904e0a0350','Go back. Come back. Come back.','2026-02-20 11:17:36',NULL);
INSERT INTO game_transcripts VALUES(429,'4b9b8b65-27cd-4cba-9133-e8904e0a0350','Jackson steal.','2026-02-20 11:17:47','Jackson T. STL');
INSERT INTO game_transcripts VALUES(430,'4b9b8b65-27cd-4cba-9133-e8904e0a0350','Jackson bucket.','2026-02-20 11:17:54','Jackson T. +1');
INSERT INTO game_transcripts VALUES(431,'4b9b8b65-27cd-4cba-9133-e8904e0a0350','I got I got that.','2026-02-20 11:18:34',NULL);
INSERT INTO game_transcripts VALUES(432,'4b9b8b65-27cd-4cba-9133-e8904e0a0350','Garrett bucket.','2026-02-20 11:18:54','Garett H. +1');
INSERT INTO game_transcripts VALUES(433,'4b9b8b65-27cd-4cba-9133-e8904e0a0350','Jackson steal.','2026-02-20 11:19:19','Jackson T. STL');
INSERT INTO game_transcripts VALUES(434,'4b9b8b65-27cd-4cba-9133-e8904e0a0350','Ed, steal.','2026-02-20 11:20:24','Ed G. STL');
INSERT INTO game_transcripts VALUES(435,'4b9b8b65-27cd-4cba-9133-e8904e0a0350','Alright.','2026-02-20 11:20:56',NULL);
INSERT INTO game_transcripts VALUES(436,'4b9b8b65-27cd-4cba-9133-e8904e0a0350','Jackson block.','2026-02-20 11:21:07','Jackson T. BLK');
INSERT INTO game_transcripts VALUES(437,'4b9b8b65-27cd-4cba-9133-e8904e0a0350','Beau block.','2026-02-20 11:21:54','Beau B. BLK');
INSERT INTO game_transcripts VALUES(438,'4b9b8b65-27cd-4cba-9133-e8904e0a0350','Austin bucket.','2026-02-20 11:22:07','Austin P. +1');
INSERT INTO game_transcripts VALUES(439,'4b9b8b65-27cd-4cba-9133-e8904e0a0350','Addison assist. Gage three.','2026-02-20 11:22:15','Gage S. +2 (Addison P. AST)');
INSERT INTO game_transcripts VALUES(440,'4b9b8b65-27cd-4cba-9133-e8904e0a0350','Who''s this? Is down here.','2026-02-20 11:22:22',NULL);
INSERT INTO game_transcripts VALUES(441,'4b9b8b65-27cd-4cba-9133-e8904e0a0350','Seven four.','2026-02-20 11:23:47',NULL);
INSERT INTO game_transcripts VALUES(442,'4b9b8b65-27cd-4cba-9133-e8904e0a0350','Oh,','2026-02-20 11:23:55',NULL);
INSERT INTO game_transcripts VALUES(443,'4b9b8b65-27cd-4cba-9133-e8904e0a0350','Joe assist Brandon bucket.','2026-02-20 11:23:58','Brandon K. +1 (Joe M. AST)');
INSERT INTO game_transcripts VALUES(444,'4b9b8b65-27cd-4cba-9133-e8904e0a0350','Addison assist, Jacob bucket.','2026-02-20 11:24:21','Jacob T. +1 (Addison P. AST)');
INSERT INTO game_transcripts VALUES(445,'4b9b8b65-27cd-4cba-9133-e8904e0a0350','Beau bucket.','2026-02-20 11:24:54','Beau B. +1');
INSERT INTO game_transcripts VALUES(446,'4b9b8b65-27cd-4cba-9133-e8904e0a0350','Beau bucket.','2026-02-20 11:24:57','Beau B. +1');
INSERT INTO game_transcripts VALUES(447,'4b9b8b65-27cd-4cba-9133-e8904e0a0350','Right.','2026-02-20 11:25:02',NULL);
INSERT INTO game_transcripts VALUES(448,'4b9b8b65-27cd-4cba-9133-e8904e0a0350','Brandon steal.','2026-02-20 11:25:51','Brandon K. STL');
INSERT INTO game_transcripts VALUES(449,'4b9b8b65-27cd-4cba-9133-e8904e0a0350','Brandon three.','2026-02-20 11:26:00','Brandon K. +2');
INSERT INTO game_transcripts VALUES(450,'4b9b8b65-27cd-4cba-9133-e8904e0a0350','Oh.','2026-02-20 11:26:08',NULL);
INSERT INTO game_transcripts VALUES(451,'4b9b8b65-27cd-4cba-9133-e8904e0a0350','Jackson bucket.','2026-02-20 11:26:59','Jackson T. +1');
INSERT INTO game_transcripts VALUES(452,'cc240e4d-16f0-44d4-a5b6-3caf20654170','Yeah.','2026-02-20 11:32:05',NULL);
INSERT INTO game_transcripts VALUES(453,'cc240e4d-16f0-44d4-a5b6-3caf20654170','Alright. We''re ready.','2026-02-20 11:32:07',NULL);
INSERT INTO game_transcripts VALUES(454,'cc240e4d-16f0-44d4-a5b6-3caf20654170','Austin assist, Joe two.','2026-02-20 11:33:12','Joe M. +2 (Austin P. AST)');
INSERT INTO game_transcripts VALUES(455,'cc240e4d-16f0-44d4-a5b6-3caf20654170','Beau bucket.','2026-02-20 11:33:56','Beau B. +1');
INSERT INTO game_transcripts VALUES(456,'cc240e4d-16f0-44d4-a5b6-3caf20654170','Austin bucket.','2026-02-20 11:34:10','Austin P. +1');
INSERT INTO game_transcripts VALUES(457,'cc240e4d-16f0-44d4-a5b6-3caf20654170','What counts as in the system? It? What do you','2026-02-20 11:34:23',NULL);
INSERT INTO game_transcripts VALUES(458,'cc240e4d-16f0-44d4-a5b6-3caf20654170','Oh, yeah. I headed out.','2026-02-20 11:34:48',NULL);
INSERT INTO game_transcripts VALUES(459,'cc240e4d-16f0-44d4-a5b6-3caf20654170','That''s nice.','2026-02-20 11:34:53',NULL);
INSERT INTO game_transcripts VALUES(460,'cc240e4d-16f0-44d4-a5b6-3caf20654170','Addison assist, gauge bucket.','2026-02-20 11:35:18','Gage S. +1 (Addison P. AST)');
INSERT INTO game_transcripts VALUES(461,'cc240e4d-16f0-44d4-a5b6-3caf20654170','Thank you.','2026-02-20 11:35:23',NULL);
INSERT INTO game_transcripts VALUES(462,'cc240e4d-16f0-44d4-a5b6-3caf20654170','Chicken leg.','2026-02-20 11:36:05',NULL);
INSERT INTO game_transcripts VALUES(463,'cc240e4d-16f0-44d4-a5b6-3caf20654170','Brandon bucket.','2026-02-20 11:36:19','Brandon K. +1');
INSERT INTO game_transcripts VALUES(464,'cc240e4d-16f0-44d4-a5b6-3caf20654170','I''m sorry. Are you good?','2026-02-20 11:36:31',NULL);
INSERT INTO game_transcripts VALUES(465,'cc240e4d-16f0-44d4-a5b6-3caf20654170','Nice, man. Garrett assist, Austin bucket.','2026-02-20 11:37:08','Austin P. +1 (Garett H. AST)');
INSERT INTO game_transcripts VALUES(466,'cc240e4d-16f0-44d4-a5b6-3caf20654170','Beau assist, the Addison bucket.','2026-02-20 11:37:16','Beau B. +1');
INSERT INTO game_transcripts VALUES(467,'cc240e4d-16f0-44d4-a5b6-3caf20654170','Oh, shoot.','2026-02-20 11:37:21',NULL);
INSERT INTO game_transcripts VALUES(468,'cc240e4d-16f0-44d4-a5b6-3caf20654170','Beau assist Addison three.','2026-02-20 11:37:29','Addison P. +2 (Beau B. AST)');
INSERT INTO game_transcripts VALUES(469,'cc240e4d-16f0-44d4-a5b6-3caf20654170','Brandon bucket.','2026-02-20 11:37:37','Brandon K. +1');
INSERT INTO game_transcripts VALUES(470,'cc240e4d-16f0-44d4-a5b6-3caf20654170','Help.','2026-02-20 11:37:42',NULL);
INSERT INTO game_transcripts VALUES(471,'cc240e4d-16f0-44d4-a5b6-3caf20654170','Six four. Right?','2026-02-20 11:38:08',NULL);
INSERT INTO game_transcripts VALUES(472,'cc240e4d-16f0-44d4-a5b6-3caf20654170','Addison. Brandon three.','2026-02-20 11:38:19','Addison P. +2');
INSERT INTO game_transcripts VALUES(473,'cc240e4d-16f0-44d4-a5b6-3caf20654170','Bye. Hey. It''s','2026-02-20 11:38:24',NULL);
INSERT INTO game_transcripts VALUES(474,'cc240e4d-16f0-44d4-a5b6-3caf20654170','Add assist Brandon three.','2026-02-20 11:38:41','Brandon K. +2 (Ed G. AST)');
INSERT INTO game_transcripts VALUES(475,'cc240e4d-16f0-44d4-a5b6-3caf20654170','Brandon, three.','2026-02-20 11:38:58','Brandon K. +2');
INSERT INTO game_transcripts VALUES(476,'cc240e4d-16f0-44d4-a5b6-3caf20654170','Yep. I got you. I got him.','2026-02-20 11:39:37',NULL);
INSERT INTO game_transcripts VALUES(477,'cc240e4d-16f0-44d4-a5b6-3caf20654170','Golly.','2026-02-20 11:40:11',NULL);
INSERT INTO game_transcripts VALUES(478,'cc240e4d-16f0-44d4-a5b6-3caf20654170','Addison assist. Jackson, three.','2026-02-20 11:41:13','Jackson T. +2 (Addison P. AST)');
INSERT INTO game_transcripts VALUES(479,'cc240e4d-16f0-44d4-a5b6-3caf20654170','Jackson block. No? Add it.','2026-02-20 11:41:27','Jackson T. BLK');
INSERT INTO game_transcripts VALUES(480,'cc240e4d-16f0-44d4-a5b6-3caf20654170','I got off on','2026-02-20 11:41:32',NULL);
INSERT INTO game_transcripts VALUES(481,'cc240e4d-16f0-44d4-a5b6-3caf20654170','Alright.','2026-02-20 11:41:44',NULL);
INSERT INTO game_transcripts VALUES(482,'cc240e4d-16f0-44d4-a5b6-3caf20654170','Addison, Brandon bucket.','2026-02-20 11:41:51','Addison P. +1');
INSERT INTO game_transcripts VALUES(483,'cc240e4d-16f0-44d4-a5b6-3caf20654170','Ed assist Brandon bucket.','2026-02-20 11:41:57','Brandon K. +1 (Ed G. AST)');
INSERT INTO game_transcripts VALUES(484,'250d03e8-235f-4393-9b9f-98442b9bed24','We''re not playing a game. Yeah. My bad.','2026-02-20 11:45:01','UNDO');
INSERT INTO game_transcripts VALUES(485,'250d03e8-235f-4393-9b9f-98442b9bed24','You''re a lot of we''re doing a lot of I understand. I stay. I stay. Stay.','2026-02-20 11:45:07',NULL);
INSERT INTO game_transcripts VALUES(486,'250d03e8-235f-4393-9b9f-98442b9bed24','We''re doing a lot of ISO. What''s this plus minus then? Yeah. It''s gotta be both. It''s negative.','2026-02-20 11:45:10',NULL);
INSERT INTO game_transcripts VALUES(487,'250d03e8-235f-4393-9b9f-98442b9bed24','It''s the same as mine. Yeah.','2026-02-20 11:45:16',NULL);
INSERT INTO game_transcripts VALUES(488,'250d03e8-235f-4393-9b9f-98442b9bed24','Dude, I I I don''t have a plus minus stat.','2026-02-20 11:45:18',NULL);
INSERT INTO game_transcripts VALUES(489,'250d03e8-235f-4393-9b9f-98442b9bed24','that. I did. I think you passed','2026-02-20 11:45:28',NULL);
INSERT INTO game_transcripts VALUES(490,'250d03e8-235f-4393-9b9f-98442b9bed24','like because we switched teams on stuff. Plus minus might be a good','2026-02-20 11:45:34',NULL);
INSERT INTO game_transcripts VALUES(491,'250d03e8-235f-4393-9b9f-98442b9bed24','that might be the stat to have. Yeah. I''ll add it. I can''t even know.','2026-02-20 11:45:38','Ed G. +2');
INSERT INTO game_transcripts VALUES(492,'250d03e8-235f-4393-9b9f-98442b9bed24','No. Add plus minus minus. When he''s on the core.','2026-02-20 11:45:41',NULL);
INSERT INTO game_transcripts VALUES(493,'250d03e8-235f-4393-9b9f-98442b9bed24','Ed assist Austin three.','2026-02-20 11:45:50','Austin P. +2 (Ed G. AST)');
INSERT INTO game_transcripts VALUES(494,'250d03e8-235f-4393-9b9f-98442b9bed24','Austin three.','2026-02-20 11:46:20','Austin P. +2');
INSERT INTO game_transcripts VALUES(495,'250d03e8-235f-4393-9b9f-98442b9bed24','I got him. I got him. I got him.','2026-02-20 11:46:33',NULL);
INSERT INTO game_transcripts VALUES(496,'250d03e8-235f-4393-9b9f-98442b9bed24','You, buddy? You''re right. Yeah.','2026-02-20 11:46:37',NULL);
INSERT INTO game_transcripts VALUES(497,'250d03e8-235f-4393-9b9f-98442b9bed24','I see.','2026-02-20 11:47:36',NULL);
INSERT INTO game_transcripts VALUES(498,'250d03e8-235f-4393-9b9f-98442b9bed24','Slow the fast pudding down.','2026-02-20 11:47:57',NULL);
INSERT INTO game_transcripts VALUES(499,'250d03e8-235f-4393-9b9f-98442b9bed24','Play. Play. Check out.','2026-02-20 11:48:19',NULL);
INSERT INTO game_transcripts VALUES(500,'250d03e8-235f-4393-9b9f-98442b9bed24','Just check out. Check out. Check out.','2026-02-20 11:48:27',NULL);
INSERT INTO game_transcripts VALUES(501,'250d03e8-235f-4393-9b9f-98442b9bed24','Check out.','2026-02-20 11:48:30',NULL);
INSERT INTO game_transcripts VALUES(502,'250d03e8-235f-4393-9b9f-98442b9bed24','Garrett assist Brandon bucket.','2026-02-20 11:48:39','Brandon K. +1 (Garett H. AST)');
INSERT INTO game_transcripts VALUES(503,'250d03e8-235f-4393-9b9f-98442b9bed24','Garrett, steal.','2026-02-20 11:48:48','Garett H. STL');
INSERT INTO game_transcripts VALUES(504,'250d03e8-235f-4393-9b9f-98442b9bed24','Addison Steel.','2026-02-20 11:48:52','Addison P. STL');
INSERT INTO game_transcripts VALUES(505,'250d03e8-235f-4393-9b9f-98442b9bed24','Richard.','2026-02-20 11:49:01',NULL);
INSERT INTO game_transcripts VALUES(506,'250d03e8-235f-4393-9b9f-98442b9bed24','Addison, three.','2026-02-20 11:49:04','Addison P. +2');
INSERT INTO game_transcripts VALUES(507,'250d03e8-235f-4393-9b9f-98442b9bed24','No way.','2026-02-20 11:49:15',NULL);
INSERT INTO game_transcripts VALUES(508,'250d03e8-235f-4393-9b9f-98442b9bed24','Hey. Thank you.','2026-02-20 11:49:26',NULL);
INSERT INTO game_transcripts VALUES(509,'250d03e8-235f-4393-9b9f-98442b9bed24','Got him. Hey. Beau, bucket.','2026-02-20 11:50:09','Beau B. +1');
INSERT INTO game_transcripts VALUES(510,'250d03e8-235f-4393-9b9f-98442b9bed24','Bad.','2026-02-20 11:50:23',NULL);
INSERT INTO game_transcripts VALUES(511,'250d03e8-235f-4393-9b9f-98442b9bed24','Joe three.','2026-02-20 11:50:29','Joe M. +2');
INSERT INTO game_transcripts VALUES(512,'250d03e8-235f-4393-9b9f-98442b9bed24','Addison bucket.','2026-02-20 11:50:53','Addison P. +1');
INSERT INTO game_transcripts VALUES(513,'250d03e8-235f-4393-9b9f-98442b9bed24','Jacob block.','2026-02-20 11:51:33','Jacob T. BLK');
INSERT INTO game_transcripts VALUES(514,'250d03e8-235f-4393-9b9f-98442b9bed24','Addison bucket.','2026-02-20 11:51:41','Addison P. +1');
INSERT INTO game_transcripts VALUES(515,'250d03e8-235f-4393-9b9f-98442b9bed24','Oh my gosh.','2026-02-20 11:51:50',NULL);
INSERT INTO game_transcripts VALUES(516,'250d03e8-235f-4393-9b9f-98442b9bed24','Of course, the warm ups felt so good. You know? I know.','2026-02-20 11:52:08',NULL);
INSERT INTO game_transcripts VALUES(517,'250d03e8-235f-4393-9b9f-98442b9bed24','And they come out here like, what the heck?','2026-02-20 11:52:10',NULL);
INSERT INTO game_transcripts VALUES(518,'250d03e8-235f-4393-9b9f-98442b9bed24','Joe steal.','2026-02-20 11:52:24','Joe M. STL');
INSERT INTO game_transcripts VALUES(519,'250d03e8-235f-4393-9b9f-98442b9bed24','Five four.','2026-02-20 11:52:36',NULL);
INSERT INTO game_transcripts VALUES(520,'250d03e8-235f-4393-9b9f-98442b9bed24','Jackson bucket.','2026-02-20 11:52:56','Jackson T. +1');
INSERT INTO game_transcripts VALUES(521,'250d03e8-235f-4393-9b9f-98442b9bed24','Thank goodness.','2026-02-20 11:53:33',NULL);
INSERT INTO game_transcripts VALUES(522,'250d03e8-235f-4393-9b9f-98442b9bed24','Brandon assist Austin bucket.','2026-02-20 11:53:37','Austin P. +1 (Brandon K. AST)');
INSERT INTO game_transcripts VALUES(523,'250d03e8-235f-4393-9b9f-98442b9bed24','I felt on it.','2026-02-20 11:53:48',NULL);
INSERT INTO game_transcripts VALUES(524,'250d03e8-235f-4393-9b9f-98442b9bed24','Joe assist, Austin bucket.','2026-02-20 11:54:00','Austin P. +1 (Joe M. AST)');
INSERT INTO game_transcripts VALUES(525,'250d03e8-235f-4393-9b9f-98442b9bed24','Help.','2026-02-20 11:54:07',NULL);
INSERT INTO game_transcripts VALUES(526,'250d03e8-235f-4393-9b9f-98442b9bed24','Garett, three.','2026-02-20 11:54:31','Garett H. +2');
INSERT INTO game_transcripts VALUES(527,'250d03e8-235f-4393-9b9f-98442b9bed24','Beau assist, Gage three.','2026-02-20 11:54:49','Gage S. +2 (Beau B. AST)');
INSERT INTO game_transcripts VALUES(528,'250d03e8-235f-4393-9b9f-98442b9bed24','Beau assist, gauge three.','2026-02-20 11:55:07','Gage S. +2 (Beau B. AST)');
INSERT INTO game_transcripts VALUES(529,'250d03e8-235f-4393-9b9f-98442b9bed24','Who scored?','2026-02-20 11:55:08','Ed G. +1');
INSERT INTO game_transcripts VALUES(530,'250d03e8-235f-4393-9b9f-98442b9bed24','Brandon bucket.','2026-02-20 11:55:18','Brandon K. +1');
INSERT INTO game_transcripts VALUES(531,'0fe844aa-1e10-4505-9fe5-419a041e0876','It''s','2026-02-20 11:58:30',NULL);
INSERT INTO game_transcripts VALUES(532,'0fe844aa-1e10-4505-9fe5-419a041e0876','just Ready? You just wait.','2026-02-20 11:58:50',NULL);
INSERT INTO game_transcripts VALUES(533,'0fe844aa-1e10-4505-9fe5-419a041e0876','I''m not counting.','2026-02-20 11:59:18',NULL);
INSERT INTO game_transcripts VALUES(534,'0fe844aa-1e10-4505-9fe5-419a041e0876','What? No.','2026-02-20 11:59:44',NULL);
INSERT INTO game_transcripts VALUES(535,'0fe844aa-1e10-4505-9fe5-419a041e0876','Five. Yep.','2026-02-20 11:59:48',NULL);
INSERT INTO game_transcripts VALUES(536,'0fe844aa-1e10-4505-9fe5-419a041e0876','Garrett assist, Brandon bucket.','2026-02-20 12:00:20','Brandon K. +1 (Garett H. AST)');
INSERT INTO game_transcripts VALUES(537,'0fe844aa-1e10-4505-9fe5-419a041e0876','Jacob steal.','2026-02-20 12:00:55','Jacob T. STL');
INSERT INTO game_transcripts VALUES(538,'0fe844aa-1e10-4505-9fe5-419a041e0876','We can''t buy anything, man.','2026-02-20 12:01:09',NULL);
INSERT INTO game_transcripts VALUES(539,'0fe844aa-1e10-4505-9fe5-419a041e0876','Brandon, get up.','2026-02-20 12:01:24',NULL);
INSERT INTO game_transcripts VALUES(540,'0fe844aa-1e10-4505-9fe5-419a041e0876','Beau fifth Gage three.','2026-02-20 12:01:40','Beau B. +2');
INSERT INTO game_transcripts VALUES(541,'0fe844aa-1e10-4505-9fe5-419a041e0876','Beau assist, gauge three.','2026-02-20 12:02:11','Gage S. +2 (Beau B. AST)');
INSERT INTO game_transcripts VALUES(542,'0fe844aa-1e10-4505-9fe5-419a041e0876','Yeah. He''s good. You''re good.','2026-02-20 12:02:38',NULL);
INSERT INTO game_transcripts VALUES(543,'0fe844aa-1e10-4505-9fe5-419a041e0876','Yeah. Knocked loose. Yeah.','2026-02-20 12:02:43',NULL);
INSERT INTO game_transcripts VALUES(544,'0fe844aa-1e10-4505-9fe5-419a041e0876','I only did it. Oh, okay. I sent the back. Oh.','2026-02-20 12:02:46',NULL);
INSERT INTO game_transcripts VALUES(545,'0fe844aa-1e10-4505-9fe5-419a041e0876','Who was it?','2026-02-20 12:02:55',NULL);
INSERT INTO game_transcripts VALUES(546,'0fe844aa-1e10-4505-9fe5-419a041e0876','Who''s going?','2026-02-20 12:02:59',NULL);
INSERT INTO game_transcripts VALUES(547,'0fe844aa-1e10-4505-9fe5-419a041e0876','Ed bucket.','2026-02-20 12:03:01','Ed G. +1');
INSERT INTO game_transcripts VALUES(548,'0fe844aa-1e10-4505-9fe5-419a041e0876','Gage assist Addison three.','2026-02-20 12:03:20','Addison P. +2 (Gage S. AST)');
INSERT INTO game_transcripts VALUES(549,'0fe844aa-1e10-4505-9fe5-419a041e0876','Addison assist, Beau bucket.','2026-02-20 12:03:44','Beau B. +1 (Addison P. AST)');
INSERT INTO game_transcripts VALUES(550,'0fe844aa-1e10-4505-9fe5-419a041e0876','Got alright?','2026-02-20 12:03:53',NULL);
INSERT INTO game_transcripts VALUES(551,'0fe844aa-1e10-4505-9fe5-419a041e0876','Addison assist, Jackson bucket.','2026-02-20 12:04:25','Jackson T. +1 (Addison P. AST)');
INSERT INTO game_transcripts VALUES(552,'0fe844aa-1e10-4505-9fe5-419a041e0876','Brandon bucket.','2026-02-20 12:04:42','Brandon K. +1');
INSERT INTO game_transcripts VALUES(553,'0fe844aa-1e10-4505-9fe5-419a041e0876','Addison three.','2026-02-20 12:04:52','Addison P. +2');
INSERT INTO game_transcripts VALUES(554,'0fe844aa-1e10-4505-9fe5-419a041e0876','Addison steal.','2026-02-20 12:05:09','Addison P. STL');
INSERT INTO game_transcripts VALUES(555,'0fe844aa-1e10-4505-9fe5-419a041e0876','Right.','2026-02-20 12:05:16',NULL);
INSERT INTO game_transcripts VALUES(556,'0fe844aa-1e10-4505-9fe5-419a041e0876','Oh, yeah. Beau bucket.','2026-02-20 12:05:20','Beau B. +1');
INSERT INTO game_transcripts VALUES(557,'0fe844aa-1e10-4505-9fe5-419a041e0876','Austin, bucket.','2026-02-20 12:05:40','Austin P. +1');
INSERT INTO game_transcripts VALUES(558,'0fe844aa-1e10-4505-9fe5-419a041e0876','Garrett, steal.','2026-02-20 12:06:40','Garett H. STL');
INSERT INTO game_transcripts VALUES(559,'0fe844aa-1e10-4505-9fe5-419a041e0876','Jacob assist. Addison three.','2026-02-20 12:07:03','Addison P. +2 (Jacob T. AST)');
INSERT INTO game_transcripts VALUES(561,'dc24ff88-0d3f-4898-b229-8f44cb29fab6','I don''t know. Injuries. Take them out.','2026-02-20 12:09:34',NULL);
INSERT INTO game_transcripts VALUES(562,'dc24ff88-0d3f-4898-b229-8f44cb29fab6','Garett, steal.','2026-02-20 12:09:39','Garett H. STL');
INSERT INTO game_transcripts VALUES(563,'dc24ff88-0d3f-4898-b229-8f44cb29fab6','Stop. Yeah.','2026-02-20 12:09:45',NULL);
INSERT INTO game_transcripts VALUES(564,'dc24ff88-0d3f-4898-b229-8f44cb29fab6','That''s good. Lot more room, though. Garett, three.','2026-02-20 12:09:47','Garett H. +2');
INSERT INTO game_transcripts VALUES(565,'dc24ff88-0d3f-4898-b229-8f44cb29fab6','Beau, bucket.','2026-02-20 12:09:59','Beau B. +1');
INSERT INTO game_transcripts VALUES(566,'dc24ff88-0d3f-4898-b229-8f44cb29fab6','Right.','2026-02-20 12:10:06',NULL);
INSERT INTO game_transcripts VALUES(567,'dc24ff88-0d3f-4898-b229-8f44cb29fab6','Addison steal.','2026-02-20 12:10:44','Addison P. STL');
INSERT INTO game_transcripts VALUES(568,'dc24ff88-0d3f-4898-b229-8f44cb29fab6','Gage assist. Beau bucket.','2026-02-20 12:11:21','Beau B. +1 (Gage S. AST)');
INSERT INTO game_transcripts VALUES(569,'dc24ff88-0d3f-4898-b229-8f44cb29fab6','I got it.','2026-02-20 12:11:25',NULL);
INSERT INTO game_transcripts VALUES(570,'dc24ff88-0d3f-4898-b229-8f44cb29fab6','Addison assist. Beau bucket.','2026-02-20 12:11:37','Beau B. +1 (Addison P. AST)');
INSERT INTO game_transcripts VALUES(571,'dc24ff88-0d3f-4898-b229-8f44cb29fab6','Garrett bucket.','2026-02-20 12:11:59','Garett H. +1');
INSERT INTO game_transcripts VALUES(572,'dc24ff88-0d3f-4898-b229-8f44cb29fab6','Beau bucket.','2026-02-20 12:12:09','Beau B. +1');
INSERT INTO game_transcripts VALUES(573,'dc24ff88-0d3f-4898-b229-8f44cb29fab6','Joe bucket.','2026-02-20 12:12:25','Joe M. +1');
INSERT INTO game_transcripts VALUES(574,'dc24ff88-0d3f-4898-b229-8f44cb29fab6','Dinner.','2026-02-20 12:12:52',NULL);
INSERT INTO game_transcripts VALUES(575,'dc24ff88-0d3f-4898-b229-8f44cb29fab6','I got','2026-02-20 12:13:02',NULL);
INSERT INTO game_transcripts VALUES(576,'dc24ff88-0d3f-4898-b229-8f44cb29fab6','Beau bucket gauge assist.','2026-02-20 12:13:24','Beau B. +1');
INSERT INTO game_transcripts VALUES(577,'dc24ff88-0d3f-4898-b229-8f44cb29fab6','I know. It''s all check saving.','2026-02-20 12:13:30',NULL);
INSERT INTO game_transcripts VALUES(578,'dc24ff88-0d3f-4898-b229-8f44cb29fab6','Just we''re down here.','2026-02-20 12:13:38',NULL);
INSERT INTO game_transcripts VALUES(579,'dc24ff88-0d3f-4898-b229-8f44cb29fab6','I would think so. Five four?','2026-02-20 12:13:43',NULL);
INSERT INTO game_transcripts VALUES(580,'dc24ff88-0d3f-4898-b229-8f44cb29fab6','Addison steal.','2026-02-20 12:13:45','Addison P. STL');
INSERT INTO game_transcripts VALUES(581,'dc24ff88-0d3f-4898-b229-8f44cb29fab6','Addison assist. Jackson bucket.','2026-02-20 12:13:54','Jackson T. +1 (Addison P. AST)');
INSERT INTO game_transcripts VALUES(582,'dc24ff88-0d3f-4898-b229-8f44cb29fab6','Jackson steal.','2026-02-20 12:14:08','Jackson T. STL');
INSERT INTO game_transcripts VALUES(583,'dc24ff88-0d3f-4898-b229-8f44cb29fab6','Jackson three.','2026-02-20 12:14:16','Jackson T. +2');
INSERT INTO game_transcripts VALUES(584,'dc24ff88-0d3f-4898-b229-8f44cb29fab6','Hey.','2026-02-20 12:14:32',NULL);
INSERT INTO game_transcripts VALUES(585,'dc24ff88-0d3f-4898-b229-8f44cb29fab6','Beau bucket.','2026-02-20 12:14:41','Beau B. +1');
INSERT INTO game_transcripts VALUES(586,'dc24ff88-0d3f-4898-b229-8f44cb29fab6','Austin at fifth.','2026-02-20 12:14:58',NULL);
INSERT INTO game_transcripts VALUES(587,'dc24ff88-0d3f-4898-b229-8f44cb29fab6','Garrett three.','2026-02-20 12:15:02','Garett H. +2');
INSERT INTO game_transcripts VALUES(588,'dc24ff88-0d3f-4898-b229-8f44cb29fab6','Yep. Yep.','2026-02-20 12:15:22',NULL);
INSERT INTO game_transcripts VALUES(589,'dc24ff88-0d3f-4898-b229-8f44cb29fab6','Beau b three.','2026-02-20 12:16:07','Beau B. +2');
DELETE FROM sqlite_sequence;
INSERT INTO sqlite_sequence VALUES('game_events',419);
INSERT INTO sqlite_sequence VALUES('game_transcripts',589);
CREATE INDEX idx_events_player ON game_events(player_id, event_type);
CREATE INDEX idx_events_game ON game_events(game_id, created_at);
COMMIT;
